,name, address, start_time, end_time, start_time_saturday, end_time_saturday, start_time_holiday, end_time_holiday, fee, longitude, latitude
0,京都嵐山郵便局,京都府京都市西京区嵐山谷ｹ辻子町37,9:00,17:30,9:00,12:30,-,-,0,135.68259,35.00606
1,京都大枝北福西郵便局,京都府京都市西京区大枝北福西町3−2−1,9:00,17:30,9:00,12:30,-,-,0,135.68324,34.95971
2,京都大枝西新林郵便局,京都府京都市西京区大枝西新林町5−1−1,9:00,17:30,9:00,12:30,-,-,0,135.66679,34.96825
3,京都大原野西竹の里郵便局,京都府京都市西京区大原野西竹の里町1−19−4,9:00,17:30,9:00,12:30,-,-,0,135.67068,34.95692
4,京都大原野灰方郵便局,京都府京都市西京区大原野灰方町189−3,9:00,17:30,9:00,12:30,-,-,0,135.66898,34.95217
5,京都樫原郵便局,京都府京都市西京区樫原分田5−3,9:00,17:30,9:00,12:30,-,-,0,135.69588,34.97339
6,京都桂上豆田郵便局,京都府京都市西京区桂上豆田町39−37,9:00,17:30,9:00,12:30,-,-,0,135.70186,34.98506
7,京都桂坂郵便局,京都府京都市西京区御陵大枝山町5−27−4,8:00,19:00,9:00,18:00,9:00,17:00,0,135.66624,34.98332
8,京都桂西口郵便局,京都府京都市西京区川島有栖川町35−1,9:00,19:00,9:00,17:00,9:00,17:00,0,135.70107,34.97894
9,京都桂郵便局,京都府京都市西京区桂木ﾉ下町14−19,9:00,17:30,9:00,12:30,-,-,0,135.70627,34.98023
10,京都上桂郵便局,京都府京都市西京区上桂宮ﾉ後町33−4,9:00,19:00,9:00,17:00,9:00,17:00,0,135.69647,34.99003
11,京都上里郵便局,京都府京都市西京区大原野上里紅葉町3−1,9:00,17:30,9:00,12:30,-,-,0,135.68845,34.95006
12,京都川島郵便局,京都府京都市西京区川島松園町97−2(ｸﾞﾚｰｽ桂1階),9:00,19:00,9:00,17:00,9:00,17:00,0,135.70193,34.97165
13,京都下津林郵便局,京都府京都市西京区下津林南大般若町43−1,9:00,19:00,9:00,18:00,9:00,18:00,0,135.71368,34.9744
14,京都松尾郵便局,京都府京都市西京区松室庄田町4−2,9:00,17:30,9:00,12:30,-,-,0,135.68918,34.99452
15,京都山田郵便局,京都府京都市西京区山田六ﾉ坪町8−62,9:00,19:00,9:00,17:00,-,-,0,135.69135,34.98365
16,洛西郵便局,京都府京都市西京区大原野東境谷町2−3,9:00,16:00,-,-,-,-,0,135.6748,34.96444
17,京都北郵便局ゆうちょ銀行　京都北店かんぽ生命　京都支店　京都北郵便局かんぽサービス部,京都府京都市北区紫竹下本町39,9:00,16:00,-,-,-,-,0,135.75195,35.05023
18,小野郷郵便局,京都府京都市北区小野下ﾉ町78−1,8:45,18:00,9:00,14:00,-,-,0,135.67448,35.11087
19,京都出雲路郵便局,京都府京都市北区鞍馬口通寺町西入新御霊口町285−102,9:00,17:30,9:00,12:30,-,-,0,135.76469,35.03796
20,京都大宮小野堀郵便局,京都府京都市北区大宮東小野堀町39−2,9:00,19:00,9:00,17:00,9:00,17:00,0,135.74471,35.05571
21,京都上賀茂郵便局,京都府京都市北区上賀茂薮田町25-4,9:00,19:00,9:00,17:00,9:00,17:00,0,135.75916,35.05356
22,京都北大路千本郵便局,京都府京都市北区紫野下御輿町12−1,9:00,19:00,9:00,17:00,9:00,17:00,0,135.73933,35.04071
23,京都小松原郵便局,京都府京都市北区小松原北町55−3,8:00,21:00,9:00,17:00,9:00,17:00,0,135.72697,35.03282
24,京都小山中溝郵便局,京都府京都市北区小山中溝町32,9:00,17:30,9:00,12:30,-,-,0,135.75507,35.03754
25,京都小山西花池郵便局,京都府京都市北区小山西花池町1−14,9:00,19:00,9:00,17:00,9:00,17:00,0,135.76009,35.04119
26,京都小山初音郵便局,京都府京都市北区小山初音町50,9:00,17:30,9:00,12:30,-,-,0,135.75485,35.04671
27,京都紫竹郵便局,京都府京都市北区紫竹西桃ﾉ本町2−2,9:00,19:00,9:00,18:00,9:00,17:00,0,135.74809,35.04775
28,京都大将軍郵便局,京都府京都市北区大将軍西町47,9:00,17:30,9:00,12:30,-,-,0,135.73035,35.02552
29,京都鷹峯郵便局,京都府京都市北区鷹峯藤林町6−348,9:00,17:30,9:00,12:30,-,-,0,135.73584,35.04971
30,京都柊野郵便局,京都府京都市北区上賀茂朝露ｹ原町9−17,9:00,19:00,9:00,17:00,9:00,17:00,0,135.74947,35.06404
31,京都紫野御所田郵便局,京都府京都市北区紫野上御所田町62−1,9:00,17:30,9:00,12:30,-,-,0,135.75198,35.04162
32,金閣寺郵便局,京都府京都市北区衣笠北天神森町32,8:00,19:00,9:00,18:00,9:00,18:00,0,135.73285,35.0386
33,京都御池柳馬場郵便局,京都府京都市中京区柳馬場通御池上る虎石町51,9:00,17:30,9:00,12:30,-,-,0,135.76561,35.0045
34,京都大宮六角郵便局,京都府京都市中京区大宮通六角下る六角大宮町233,9:00,17:30,9:00,12:30,-,-,0,135.74867,35.00552
35,京都衣棚夷川郵便局,京都府京都市中京区衣棚通夷川上る花立町273−2,9:00,17:30,9:00,12:30,-,-,0,135.75742,35.00855
36,京都西院郵便局,京都府京都市中京区壬生仙念町24,9:00,19:00,9:00,17:00,9:00,17:00,0,135.73431,35.00377
37,京都三条御幸町郵便局,京都府京都市中京区御幸町通三条下る海老屋町313,9:00,17:30,9:00,12:30,-,-,0,135.75877,35.01619
38,京都新町蛸薬師郵便局,京都府京都市中京区新町通蛸薬師上る六角町368,9:00,17:30,9:00,12:30,-,-,0,135.75687,35.00668
39,京都ゼスト御池内郵便局,京都府京都市中京区御池通寺町東入下本能寺前町492-1,9:00,19:00,9:00,17:00,9:00,17:00,0,135.76579,35.01554
40,京都竹屋町高倉郵便局,京都府京都市中京区竹屋町通高倉西入坂本町708,9:00,17:30,9:00,12:30,-,-,0,135.76355,35.0162
41,京都西ノ京内畑郵便局,京都府京都市中京区西ﾉ京内畑町24−10,9:00,17:30,9:00,12:30,-,-,0,135.73877,35.01422
42,京都西ノ京上合郵便局,京都府京都市中京区西ﾉ京南上合町96,9:00,19:00,9:00,17:00,9:00,17:00,0,135.73225,35.01511
43,京都西ノ京職司郵便局,京都府京都市中京区西ﾉ京職司町69−18,9:00,17:30,9:00,17:00,-,-,0,135.74442,35.01114
44,京都西ノ京西月光郵便局,京都府京都市中京区西ﾉ京西月光町50,9:00,17:30,9:00,12:30,-,-,0,135.73608,35.00908
45,京都西ノ京伯楽郵便局,京都府京都市中京区西ﾉ京御輿岡町16−9,9:00,17:30,9:00,12:30,-,-,0,135.72847,35.02137
46,京都西洞院三条郵便局,京都府京都市中京区三条通西洞院東入釜座町1,9:00,17:30,9:00,12:30,-,-,0,135.7498,35.00849
47,京都二条油小路郵便局,京都府京都市中京区油小路通二条下る二条油小路町274,9:00,17:30,9:00,12:30,-,-,0,135.75365,35.00674
48,京都東洞院押小路郵便局,京都府京都市中京区押小路通東洞院西入船屋町400−1,9:00,17:30,9:00,12:30,-,-,0,135.76625,35.00559
49,京都東洞院錦郵便局,京都府京都市中京区錦小路通東洞院東入阪東屋町653,8:00,21:00,9:00,17:00,9:00,17:00,0,135.7645,35.00985
50,京都麩屋町竹屋町郵便局,京都府京都市中京区麩屋町通竹屋町上る舟屋町419−1,9:00,17:30,9:00,12:30,-,-,0,135.75575,35.01433
51,京都壬生坊城郵便局,京都府京都市中京区壬生坊城町25−5,9:00,19:00,9:00,17:00,-,-,0,135.74524,35.00383
52,京都壬生松原郵便局,京都府京都市中京区壬生高樋町65−12,9:00,17:30,9:00,12:30,-,-,0,135.73924,35.00148
53,中京郵便局かんぽ生命　京都支店　中京郵便局かんぽサービス部,京都府京都市中京区三条通東洞院東入る菱屋町30番地,9:00,16:00,-,-,-,-,0,135.7498,35.00849
54,左京郵便局ゆうちょ銀行　左京店かんぽ生命　京都支店　左京郵便局かんぽサービス部,京都府京都市左京区高野竹屋町1−1,9:00,16:00,-,-,-,-,0,135.78085,35.04221
55,京都一乗寺郵便局,京都府京都市左京区一乗寺花ﾉ木町12,9:00,17:30,9:00,17:00,9:00,17:00,0,135.79221,35.04327
56,京都岩倉幡枝郵便局,京都府京都市左京区岩倉北池田町5−1,8:00,20:00,9:00,18:00,9:00,18:00,0,135.77599,35.06554
57,京都岩倉郵便局,京都府京都市左京区岩倉中町419,9:00,19:00,9:00,18:00,9:00,18:00,0,135.78806,35.07483
58,京都岡崎郵便局,京都府京都市左京区岡崎天王町16,9:00,17:30,9:00,17:00,-,-,0,135.78743,35.01723
59,京都上高野郵便局,京都府京都市左京区上高野上荒蒔町2−1,9:00,17:30,9:00,17:00,-,-,0,135.79152,35.05848
60,京都北白川郵便局,京都府京都市左京区北白川東小倉町1,9:00,19:00,9:00,17:00,9:00,17:00,0,135.79094,35.02974
61,京都北山郵便局,京都府京都市左京区下鴨南芝町38−7,8:00,19:00,9:00,17:00,9:00,17:00,0,135.76825,35.05173
62,京都静市市原郵便局,京都府京都市左京区静市市原町110−1,9:00,17:30,9:00,12:30,-,-,0,135.76195,35.08667
63,京都下鴨高木郵便局,京都府京都市左京区下鴨高木町34−1,9:00,19:00,9:00,17:00,-,-,0,135.77591,35.04435
64,京都聖護院郵便局,京都府京都市左京区聖護院山王町16−20,9:00,19:00,9:00,17:00,9:00,17:00,0,135.77905,35.01794
65,京都浄土寺郵便局,京都府京都市左京区浄土寺馬場町16,8:00,19:00,9:00,18:00,9:00,18:00,0,135.79234,35.02521
66,京都高野竹屋郵便局,京都府京都市左京区高野竹屋町31−2,9:00,17:30,9:00,12:30,-,-,0,135.78172,35.04313
67,京都高野東開郵便局,京都府京都市左京区高野東開町1−10,9:00,19:00,9:00,17:00,9:00,17:00,0,135.77992,35.03885
68,京都田中高原郵便局,京都府京都市左京区田中東高原町46,9:00,19:00,9:00,17:00,9:00,17:00,0,135.78745,35.03608
69,京都田中樋ノ口郵便局,京都府京都市左京区田中東樋ﾉ口町21−3,9:00,17:30,9:00,12:30,-,-,0,135.78479,35.03414
70,京都田中郵便局,京都府京都市左京区田中上柳町60,9:00,19:00,9:00,17:00,9:00,17:00,0,135.77463,35.03037
71,京都大学病院内郵便局,京都府京都市左京区聖護院川原町54(病院外来棟1階),9:00,17:30,9:00,12:30,-,-,0,135.77718,35.02018
72,京都天王町郵便局,京都府京都市左京区岡崎東天王町39,9:00,17:30,9:00,12:30,-,-,0,135.79066,35.01732
73,京都二条川端郵便局,京都府京都市左京区二条通川端東入石原町280−1,9:00,17:30,9:00,12:30,-,-,0,135.77858,35.04858
74,京都百万遍郵便局,京都府京都市左京区田中門前町77,8:00,21:00,9:00,19:00,9:00,19:00,0,135.78093,35.0298
75,京都丸太町川端郵便局,京都府京都市左京区丸太町通川端東入東丸太町11−18,9:00,17:30,9:00,12:30,-,-,0,135.77461,35.01765
76,京都山端郵便局,京都府京都市左京区山端川原町8−4,8:00,21:00,9:00,19:00,9:00,19:00,0,135.7896,35.05013
77,京都吉田牛ノ宮郵便局,京都府京都市左京区吉田河原町1−6,9:00,19:00,9:00,17:00,-,-,0,135.77318,35.02397
78,京都吉田郵便局,京都府京都市左京区吉田下大路町13,9:00,17:30,9:00,17:00,-,-,0,135.78273,35.02174
79,京都洛北高校前郵便局,京都府京都市左京区下鴨梅ﾉ木町1−2,9:00,19:00,9:00,17:00,9:00,17:00,0,135.77051,35.04451
80,鞍馬郵便局,京都府京都市左京区鞍馬本町162,8:45,18:00,9:00,14:00,-,-,0,135.769,35.11447
81,山城大原郵便局,京都府京都市左京区大原来迎院町246,8:45,18:00,9:00,14:00,-,-,0,135.82904,35.11845
82,右京郵便局かんぽ生命　京都支店　右京郵便局かんぽサービス部,京都府京都市右京区西院清水町16,9:00,16:00,-,-,-,-,0,135.72491,34.99939
83,京都愛宕郵便局,京都府京都市右京区嵯峨釈迦堂門前瀬戸川町3−3,9:00,17:30,9:00,12:30,-,-,0,135.67732,35.02074
84,京都太秦一ノ井郵便局,京都府京都市右京区太秦一ﾉ井町26,9:00,17:30,9:00,12:30,-,-,0,135.70964,35.01598
85,京都太秦朱雀郵便局,京都府京都市右京区太秦朱雀町1−20,9:00,17:30,9:00,17:00,-,-,0,135.70775,35.00963
86,京都太秦安井郵便局,京都府京都市右京区太秦安井馬塚町5,9:00,19:00,9:00,17:00,9:00,17:00,0,135.72221,35.01511
87,京都宇多野郵便局,京都府京都市右京区宇多野福王子町22,9:00,17:30,9:00,12:30,-,-,0,135.70831,35.02879
88,京都梅津徳丸郵便局,京都府京都市右京区梅津徳丸町9,9:00,19:00,9:00,18:00,9:00,18:00,0,135.69643,35.00375
89,京都梅津郵便局,京都府京都市右京区梅津南上田町36,9:00,18:00,9:00,17:00,-,-,0,135.70442,35.00271
90,京都桂ケ原郵便局,京都府京都市右京区太秦多藪町19−7,9:00,19:00,9:00,17:00,9:00,17:00,0,135.70253,35.01406
91,京都葛野郵便局,京都府京都市右京区西京極北大入町12,9:00,19:00,9:00,17:00,9:00,17:00,0,135.71533,34.99969
92,京都嵯峨野郵便局,京都府京都市右京区嵯峨野秋街道町31-6,9:00,17:30,9:00,12:30,-,-,0,135.69531,35.01331
93,京都嵯峨郵便局,京都府京都市右京区嵯峨天龍寺龍門町18−7,8:00,19:00,9:00,17:00,9:00,17:00,0,135.68062,35.01637
94,京都三条口郵便局,京都府京都市右京区西院上今田町25,9:00,19:00,9:00,17:00,9:00,17:00,0,135.73135,35.0077
95,京都四条乾郵便局,京都府京都市右京区西院乾町56,9:00,19:00,9:00,17:00,9:00,17:00,0,135.72784,35.00381
96,京都常盤郵便局,京都府京都市右京区常盤窪町15−18,9:00,19:00,9:00,17:00,9:00,17:00,0,135.70583,35.02054
97,京都西京極郵便局,京都府京都市右京区西京極西川町43,9:00,19:00,9:00,17:00,9:00,17:00,0,135.71869,34.98993
98,京都西郵便局かんぽ生命　京都支店　京都西郵便局かんぽサービス部,京都府京都市右京区嵯峨五島町1−64,9:00,16:00,-,-,-,-,0,135.68842,35.01303
99,京都花園郵便局,京都府京都市右京区花園寺ﾉ前町53−19,9:00,19:00,9:00,17:00,-,-,0,135.72031,35.01994
100,京都東中水郵便局,京都府京都市右京区西院東中水町7,9:00,17:30,9:00,12:30,-,-,0,135.73204,34.99542
101,京都広沢郵便局,京都府京都市右京区嵯峨広沢南野町12−10,9:00,17:30,9:00,12:30,-,-,0,135.69125,35.02171
102,京都山ノ内郵便局,京都府京都市右京区山ﾉ内中畑町52-1,9:00,17:30,9:00,12:30,-,-,0,135.72258,35.00797
103,京都竜安寺郵便局,京都府京都市右京区花園天授ｹ岡町10−19,9:00,17:30,9:00,12:30,-,-,0,135.71823,35.02727
104,黒田郵便局,京都府京都市右京区京北宮町宮野95−1,8:45,18:00,9:00,14:00,-,-,0,135.72261,35.20626
105,京北宇津郵便局,京都府京都市右京区京北中地町蛸谷口6−2,9:00,17:30,9:00,12:30,-,-,0,135.58623,35.13958
106,周山郵便局,京都府京都市右京区京北周山町東丁田8,8:45,18:00,9:00,17:00,9:00,15:00,0,135.64484,35.1523
107,山国郵便局,京都府京都市右京区京北塔町宮ﾉ上7−1,8:45,18:00,9:00,14:00,-,-,0,135.65077,35.18628
108,弓削郵便局,京都府京都市右京区京北下中町東石原1−2,8:45,18:00,9:00,14:00,-,-,0,135.64575,35.1973
109,京都大宮鞍馬口郵便局,京都府京都市上京区大宮通鞍馬口上る若宮竪町94−1,9:00,19:00,9:00,17:00,9:00,17:00,0,135.73881,35.027111
110,京都大宮丸太町郵便局,京都府京都市上京区丸太町通大宮東入一町目857,9:00,17:30,9:00,12:30,-,-,0,135.74918,35.01804
111,京都御前下立売郵便局,京都府京都市上京区御前通下立売下る下之町407−1,9:00,17:30,9:00,12:30,-,-,0,135.73615,35.03294
112,京都北野郵便局,京都府京都市上京区今出川通七本松西入真盛町727−2,9:00,17:30,9:00,12:30,-,-,0,135.74026,35.02964
113,京都荒神口郵便局,京都府京都市上京区荒神口通河原町東入荒神町117,9:00,17:30,9:00,12:30,-,-,0,135.75053,35.02071
114,京都聚楽郵便局,京都府京都市上京区千本通丸太町下る主税町1208,9:00,19:00,9:00,17:00,9:00,17:00,0,135.72194,35.11303
115,京都千本寺之内郵便局,京都府京都市上京区千本通寺之内下る花車町483−7,9:00,19:00,9:00,17:00,9:00,17:00,0,135.72194,35.11303
116,京都寺ノ内郵便局,京都府京都市上京区寺之内通猪熊東入東西町393,9:00,17:30,9:00,12:30,-,-,0,135.74231,35.03432
117,京都出町郵便局,京都府京都市上京区寺町通今出川下る米屋町289,9:00,19:00,9:00,17:00,9:00,17:00,0,135.74985,35.02761
118,京都中立売千本郵便局,京都府京都市上京区中立売通千本東入2−田丸町379−7,9:00,17:30,9:00,12:30,-,-,0,135.75256,35.02501
119,京都中立売室町郵便局,京都府京都市上京区室町通一条下る薬屋町433−2,9:00,17:30,9:00,12:30,-,-,0,135.75798,35.03284
120,京都仁和郵便局,京都府京都市上京区御前通下立売上る西上之町255,9:00,17:30,9:00,12:30,-,-,0,135.73615,35.03294
121,京都府庁前郵便局,京都府京都市上京区釜座通下立売下る東裏辻町403−8,9:00,19:00,9:00,12:30,-,-,0,135.75563,35.02141
122,京都府立医大病院内郵便局,京都府京都市上京区河原町通広小路上る梶井町465,9:00,19:00,9:00,17:00,9:00,17:00,0,135.72194,35.11303
123,京都堀川下長者町郵便局,京都府京都市上京区西堀川通出水上る桝屋町1,9:00,19:00,9:00,18:00,9:00,18:00,0,135.75266,35.02858
124,京都室町上立売郵便局,京都府京都市上京区室町通上立売上る室町頭町287,9:00,17:30,9:00,17:00,-,-,0,135.75798,35.03284
125,西陣郵便局,京都府京都市上京区今出川通浄福寺西入2丁目東上善寺町152,9:00,16:00,-,-,-,-,0,135.74442,35.02973
126,京都中央郵便局ゆうちょ銀行　京都店かんぽ生命　京都支店　京都中央郵便局かんぽサービス部,京都府京都市下京区東塩小路町843−12,9:00,16:00,-,-,-,-,0,135.75639,34.98665
127,京都大宮松原郵便局,京都府京都市下京区大宮通松原下る上五条町386−3,9:00,17:30,9:00,12:30,-,-,0,135.74944,34.99783
128,京都春日郵便局,京都府京都市下京区西七条北月読町66,9:00,19:00,9:00,17:00,9:00,17:00,0,135.72952,34.98957
129,京都御所ノ内郵便局,京都府京都市下京区七条御所ﾉ内北町66,9:00,18:00,9:00,17:00,9:00,17:00,0,135.7319,34.98698
130,京都五条東洞院郵便局,京都府京都市下京区不明門通五条下る上平野町447,9:00,17:30,9:00,12:30,-,-,0,135.76033,34.99373
131,京都塩小路郵便局,京都府京都市下京区上之町10−5,9:00,17:30,9:00,12:30,-,-,0,135.76581,34.98755
132,京都四条大宮郵便局,京都府京都市下京区大宮通四条下る四条大宮町26,9:00,19:00,9:00,17:00,9:00,17:00,0,135.7494,34.99604
133,京都四条柳馬場郵便局,京都府京都市下京区柳馬場通四条下る相之町133,9:00,17:30,9:00,12:30,-,-,0,135.76436,34.9945
134,京都七条油小路郵便局,京都府京都市下京区北小路通油小路東入文覚町381,9:00,17:30,9:00,12:30,-,-,0,135.75433,34.9898
135,京都七条米浜郵便局,京都府京都市下京区三ﾉ宮町通正面下る上三之宮町260,9:00,17:30,9:00,12:30,-,-,0,135.76593,34.99214
136,京都島原郵便局,京都府京都市下京区小坂町7−6,9:00,19:00,9:00,17:00,-,-,0,135.74554,34.99349
137,京都高島屋内郵便局,京都府京都市下京区四条通河原町西入真町52(京都高島屋内7階),10:00,20:00,10:00,20:00,10:00,20:00,0,135.76038,35.00372
138,京都中堂寺坊城郵便局,京都府京都市下京区中堂寺坊城町2−2,9:00,17:30,9:00,12:30,-,-,0,135.74379,34.99572
139,京都中堂寺郵便局,京都府京都市下京区中堂寺庄ﾉ内町1,9:00,17:30,9:00,17:00,9:00,17:00,0,135.73674,34.99816
140,京都寺町松原郵便局,京都府京都市下京区寺町通松原下る植松町702,9:00,17:30,9:00,12:30,-,-,0,135.7664,34.99551
141,京都中珠数屋町郵便局,京都府京都市下京区東洞院通正面上る廿人講町30,9:00,17:30,9:00,12:30,-,-,0,135.76064,34.99147
142,京都西七条郵便局,京都府京都市下京区朱雀北ﾉ口町1−8,9:00,18:00,9:00,17:00,-,-,0,135.73978,34.99008
143,京都西洞院綾小路郵便局,京都府京都市下京区西洞院通綾小路下る綾西洞院町739−1,9:00,17:30,9:00,17:00,-,-,0,135.75508,35.00303
144,京都東洞院仏光寺郵便局,京都府京都市下京区東洞院通仏光寺上る扇酒屋町307,8:00,19:00,9:00,17:00,9:00,17:00,0,135.76106,35.00296
145,京都東本願寺前郵便局,京都府京都市下京区不明門通六条下る仏具屋町159,9:00,17:30,9:00,12:30,-,-,0,135.76053,34.99365
146,京都堀川仏光寺郵便局,京都府京都市下京区西堀川通仏光寺上る綾堀川町320−3,9:00,17:30,9:00,12:30,-,-,0,135.7603,34.99825
147,京都本派本願寺郵便局,京都府京都市下京区七条通猪熊東入西八百屋町142−2,9:00,17:30,9:00,12:30,-,-,0,135.75122,34.98961
148,京都柳馬場松原郵便局,京都府京都市下京区松原通堺町東入杉屋町295,9:00,17:30,9:00,12:30,-,-,0,135.75945,34.99951
149,京都六条郵便局,京都府京都市下京区六条通油小路東入天使突抜4−478,9:00,17:30,9:00,12:30,-,-,0,135.75381,34.99341
150,京都若宮松原郵便局,京都府京都市下京区若宮通松原下る亀屋町39,9:00,17:30,9:00,12:30,-,-,0,135.75595,34.99703
151,京都今熊野郵便局,京都府京都市東山区東大路七条下る東瓦町677,9:00,19:00,9:00,17:00,9:00,17:00,0,135.7785,35.00589
152,京都清水郵便局,京都府京都市東山区清水4-180,9:00,17:30,9:00,12:30,-,-,0,135.7775,34.99601
153,京都祇園郵便局,京都府京都市東山区大和大路通四条上ﾙ常盤町153,9:00,17:30,9:00,12:30,-,-,0,135.78128,35.00919
154,京都三条大橋郵便局,京都府京都市東山区三条通大橋東入大橋町94,9:00,19:00,9:00,17:00,9:00,17:00,0,135.77699,35.00953
155,京都三条広道郵便局,京都府京都市東山区三条通白川橋東入4−中之町210−5,9:00,17:30,9:00,12:30,-,-,0,135.78128,35.00919
156,京都下馬町郵便局,京都府京都市東山区渋谷通東大路東入2丁目下馬町491,9:00,19:00,9:00,17:00,9:00,17:00,0,135.77577,34.9926
157,京都赤十字病院内郵便局,京都府京都市東山区本町15-814-4,9:00,18:00,9:00,17:00,-,-,0,135.77283,34.9803
158,京都大仏前郵便局,京都府京都市東山区本町4−136(ﾉｰｻｲﾄﾋﾞﾙ1階),9:00,17:30,9:00,12:30,-,-,0,135.76994,34.99228
159,京都知恩院前郵便局,京都府京都市東山区東大路三条下る北木之元町525−2,9:00,17:30,9:00,12:30,-,-,0,135.7785,35.00589
160,京都月見町郵便局,京都府京都市東山区東大路松原上る5丁目月見町5,9:00,17:30,9:00,12:30,-,-,0,135.7785,35.00589
161,京都鳥羽道郵便局,京都府京都市東山区本町20−454−1,9:00,17:30,9:00,12:30,-,-,0,135.77061,34.97259
162,京都本町郵便局,京都府京都市東山区本町10−189,9:00,17:30,9:00,12:30,-,-,0,135.77052,34.98303
163,京都大和大路郵便局,京都府京都市東山区大和大路通松原下る北御門町251,9:00,17:30,9:00,12:30,-,-,0,135.78128,35.00919
164,東山郵便局,京都府京都市東山区大和大路通五条下る石垣町西側42,9:00,16:00,-,-,-,-,0,135.78128,35.00919
165,京都駅八条口郵便局,京都府京都市南区東九条上殿田町40,9:00,19:00,9:00,17:00,-,-,0,135.7585,34.9828
166,京都上鳥羽郵便局,京都府京都市南区上鳥羽南島田町30,9:00,17:30,9:00,12:30,-,-,0,135.74294,34.96497
167,京都唐橋郵便局,京都府京都市南区唐橋川久保町1−19,9:00,17:30,9:00,12:30,-,-,0,135.73586,34.9777
168,京都吉祥院観音堂郵便局,京都府京都市南区吉祥院観音堂南町1−18,9:00,17:30,9:00,12:30,-,-,0,135.73145,34.96548
169,京都吉祥院郵便局,京都府京都市南区吉祥院船戸町13−2,9:00,19:00,9:00,17:00,9:00,17:00,0,135.73239,34.97527
170,京都久世郵便局,京都府京都市南区久世殿城町447−1,9:00,17:30,9:00,12:30,-,-,0,135.71736,34.95856
171,京都十条郵便局,京都府京都市南区西九条東柳ﾉ内町6,9:00,17:30,9:00,17:00,-,-,0,135.7531,34.97441
172,京都東寺郵便局,京都府京都市南区西九条東比永城町27,9:00,17:30,9:00,12:30,-,-,0,135.74998,34.97775
173,京都西九条郵便局,京都府京都市南区西九条蔵王町52−2,9:00,17:30,9:00,12:30,-,-,0,135.75348,34.98151
174,京都八条郵便局,京都府京都市南区大宮通八条下る九条町621−23,9:00,17:30,9:00,12:30,-,-,0,135.74884,34.98389
175,京都東九条郵便局,京都府京都市南区東九条中御霊町44−1,9:00,17:30,9:00,12:30,-,-,0,135.76225,34.97894
176,京都札ノ辻郵便局,京都府京都市南区東九条河辺町23,9:00,17:30,9:00,12:30,-,-,0,135.75937,34.97469
177,京都羅城門郵便局,京都府京都市南区西九条唐戸町2−2,9:00,17:30,9:00,17:00,-,-,0,135.74269,34.97862
178,ゆうちょ銀行大阪支店京阪出町柳駅内出張所,京都府京都市左京区賀茂大橋東詰 叡電口改札口前,7:00,23:00,8:00,23:00,8:00,20:00,0,135.773228,35.0305
179,ゆうちょ銀行 大阪支店 ファミリーマート京都一乗寺店内出張所,京都府京都市左京区一乗寺花ﾉ木町1番地,0:05,23:55,0:05,23:55,0:05,23:55,0,135.792127,35.043567
180,ゆうちょ銀行 大阪支店 ファミリーマート京都岩倉中町店内出張所,京都府京都市左京区岩倉中町324番地,0:05,23:55,0:05,23:55,0:05,23:55,0,135.788165,35.076988
181,ゆうちょ銀行　大阪支店　ファミリーマート白川通別当町店内出張所,京都府京都市左京区北白川上別当町7−2,0:05,23:55,0:05,23:55,0:05,23:55,0,135.791781,35.032784
182,ゆうちょ銀行　大阪支店　ファミリーマート西小路天神川店内出張所,京都府京都市中京区西ﾉ京小堀池町19番地5,0:05,23:55,0:05,23:55,0:05,23:55,0,135.726268,35.014696
183,ゆうちょ銀行　大阪支店　ファミリーマート堀川御池店内出張所,京都府京都市中京区岩上通御池下る上巴町415番地,0:05,23:55,0:05,23:55,0:05,23:55,0,135.751281,35.006835
184,ゆうちょ銀行　大阪支店　ファミリーマート本能寺店内出張所,京都府京都市中京区下本能寺前町522−19他1筆,0:05,23:55,0:05,23:55,0:05,23:55,0,135.767985,35.010143
185,ゆうちょ銀行　大阪支店　河原町ＯＰＡ内出張所,京都府京都市中京区河原町通り四条上ﾙ 2階ｴﾚﾍﾞｰﾀｰ横,11:00,21:00,11:00,21:00,11:00,21:00,0,135.741845,35.003799
186,ゆうちょ銀行　大阪支店　ＪＲ二条駅内出張所,京都府京都市中京区西ﾉ京栂尾3番地 改札前,7:00,23:00,8:00,22:00,8:00,20:00,0,135.741183,35.008932
187,ゆうちょ銀行　大阪支店　ファミリーマート烏丸押小路店内出張所,京都府京都市中京区秋野々町535 日土地京都ﾋﾞﾙ,0:05,23:55,0:05,23:55,0:05,23:55,0,135.759641,35.012972
188,ゆうちょ銀行　大阪支店　ファミリーマート烏丸丸太町店内出張所,京都府京都市中京区烏丸通竹屋町上ﾙ大倉町203番地,0:05,23:55,0:05,23:55,0:05,23:55,0,135.741845,35.003799
189,ゆうちょ銀行　大阪支店　ファミリーマート河原町竹屋町店内出張所,京都府京都市中京区河原町通竹屋町下る指物町311番地,0:05,23:55,0:05,23:55,0:05,23:55,0,135.741845,35.003799
190,ゆうちょ銀行　大阪支店　ファミリーマート三条大宮店内出張所,京都府京都市中京区三条通大宮西入上瓦町50番3 他1筆(地番),0:05,23:55,0:05,23:55,0:05,23:55,0,135.734853,35.010659
191,ゆうちょ銀行　大阪支店　ファミリーマート三条新町店内出張所,京都府京都市中京区新町通姉小路下る町頭町115番,0:05,23:55,0:05,23:55,0:05,23:55,0,135.741845,35.003799
192,ゆうちょ銀行　大阪支店　ファミリーマート新京極蛸薬師店内出張所,京都府京都市中京区新京極通り蛸薬師下ﾙ東側町508,0:05,23:55,0:05,23:55,0:05,23:55,0,135.767071,35.005806
193,ゆうちょ銀行　大阪支店　ファミリーマート寺町二条店内出張所,京都府京都市中京区寺町通二条下る妙満寺前町444−1,0:05,23:55,0:05,23:55,0:05,23:55,0,135.767106,35.013517
194,ゆうちょ銀行　大阪支店　あおぞら銀行京都支店内出張所,京都府京都市下京区四条通室町東入函谷鉾町79 ﾔｻｶ四条烏丸ﾋﾞﾙ1階,9:00,15:00,-,-,-,-,0,135.758316,35.003939
195,ゆうちょ銀行　大阪支店　近鉄京都駅構内出張所,京都府京都市下京区東塩小路釡殿町31−1 近鉄京都駅構内,7:00,23:00,7:00,23:00,7:00,21:00,0,135.75785,34.984423
196,ゆうちょ銀行　大阪支店　近鉄名店街みやこみち出張所,京都府京都市下京区東塩小路釜殿町31−1 ATMｺｰﾅｰ,7:00,23:00,7:00,23:00,7:00,21:00,0,135.758098,34.985148
197,ゆうちょ銀行　大阪支店　JR京都駅内出張所,京都府京都市下京区烏丸通塩小路下ﾙ塩小路町 2階新幹線中央口付近ATMｺｰﾅｰ,7:00,23:00,8:00,23:00,8:00,21:00,0,135.732166,34.98805
198,ゆうちょ銀行　大阪支店　ファミリーマート梅小路京都西駅前店内出張所,京都府京都市下京区観喜寺町9番3,0:05,23:55,0:05,23:55,0:05,23:55,0,135.744936,34.988746
199,ゆうちょ銀行　大阪支店　ファミリーマートＪＲ太秦駅前店内出張所,京都府京都市右京区太秦上ﾉ段町10,0:05,23:55,0:05,23:55,0:05,23:55,0,135.701861,35.017495
200,ゆうちょ銀行　大阪支店　ファミリーマート西大路三条店内出張所,京都府京都市右京区西院上今田町25番地1,0:05,23:55,0:05,23:55,0:05,23:55,0,135.719274,34.992583
201,ゆうちょ銀行　大阪支店　ファミリーマート西京極駅前店内出張所,京都府京都市右京区西京極 西池田町9−5 西京極駅前ﾋﾞﾙ,0:05,23:55,0:05,23:55,0:05,23:55,0,135.69997,35.007153
202,ゆうちょ銀行　大阪支店　ファミリーマート阪急西院駅前店内出張所,京都府京都市右京区西院 高山寺町12番3,0:05,23:55,0:05,23:55,0:05,23:55,0,135.731518,35.00301
203,ゆうちょ銀行　大阪支店　イオンモール京都五条内出張所,京都府京都市右京区西院追分町25−1 1階ATMｺｰﾅｰ,7:00,23:00,8:00,23:00,8:00,21:00,0,135.727049,34.997142
204,ゆうちょ銀行　大阪支店　デイリーヤマザキＪＲ花園駅前店内出張所,京都府京都市右京区花園寺ﾉ内町5,6:00,23:55,6:00,23:55,6:00,23:55,0,135.717569,35.018759
205,ゆうちょ銀行　大阪支店　ファミリーマート葛野大路高辻店内出張所,京都府京都市右京区西院西田町97番地1,0:05,23:55,0:05,23:55,0:05,23:55,0,135.719287,34.999281
206,ゆうちょ銀行　大阪支店　ファミリーマート京都嵯峨広沢店内出張所,京都府京都市右京区嵯峨広沢御所ﾉ内町30番地,0:05,23:55,0:05,23:55,0:05,23:55,0,135.688683,35.020525
207,ゆうちょ銀行　大阪支店　ファミリーマート四条通梅津店内出張所,京都府京都市右京区梅津北浦町5番1,0:05,23:55,0:05,23:55,0:05,23:55,0,135.699275,35.003566
208,京都勧修寺郵便局,京都府京都市山科区勧修寺西栗栖野町196,9:00,19:00,9:00,17:00,-,-,0,135.807408,34.969853
209,京都北花山郵便局,京都府京都市山科区北花山横田町26,9:00,17:30,9:00,17:00,-,-,0,135.801725,34.987777
210,京都東野郵便局,京都府京都市山科区東野八代20−1,9:00,17:30,9:00,12:30,-,-,0,135.806503,34.975682
211,京都山科大宅郵便局,京都府京都市山科区大宅坂ﾉ辻町25−25,9:00,19:00,9:00,17:00,9:00,17:00,0,135.819051,34.971728
212,京都山科音羽郵便局,京都府京都市山科区音羽千本町18−26,9:00,17:30,9:00,12:30,-,-,0,135.789444,34.984672
213,京都山科川田郵便局,京都府京都市山科区川田御輿塚町27−5,9:00,17:30,9:00,12:30,-,-,0,135.798433,34.979997
214,京都山科竹鼻郵便局,京都府京都市山科区竹鼻西ﾉ口町21,9:00,19:00,9:00,17:00,9:00,17:00,0,135.819138,34.989229
215,京都山科椥辻郵便局,京都府京都市山科区椥辻東浦町1−5,9:00,19:00,9:00,17:00,-,-,0,135.815085,34.976474
216,京都山科西野郵便局,京都府京都市山科区西野今屋敷町3−15,9:00,17:30,9:00,12:30,-,-,0,135.813425,34.985637
217,京都山科御陵郵便局,京都府京都市山科区御陵原西町9,9:00,17:30,9:00,17:00,-,-,0,135.803267,34.995471
218,ゆうちょ銀行　大阪支店　西友山科店内出張所,京都府京都市山科区音羽野田町1 1階宝くじ売場横 屋外ATMｺｰﾅｰ,8:00,21:00,8:00,21:00,8:00,21:00,0,135.81619,34.984308
219,ゆうちょ銀行　大阪支店　ファミリーマート渋谷街道音羽店内出張所,京都府京都市山科区音羽沢町38-5,0:05,23:55,0:05,23:55,0:05,23:55,0,135.821012,34.987512
220,ゆうちょ銀行　大阪支店　ファミリーマート山科三条通店内出張所,京都府京都市山科区竹鼻外田町25−37,0:05,23:55,0:05,23:55,0:05,23:55,0,135.819868,34.990406
221,ゆうちょ銀行　大阪支店　ファミリーマート山科西野山店内出張所,京都府京都市山科区西野山射庭ﾉ上町195−1,0:05,23:55,0:05,23:55,0:05,23:55,0,135.796853,34.974173
222,山科四宮郵便局,京都府京都市山科区四ﾉ宮大将軍町5−2,9:00,19:00,9:00,17:00,-,-,0,135.804754,34.993839
223,山科郵便局,京都府京都市山科区西野阿芸沢町1−5,8:00,21:00,9:00,19:00,9:00,19:00,0,135.810282,34.983655
224,ゆうちょ銀行　大阪支店　ラクト山科内出張所,京都府京都市山科区竹鼻竹ﾉ街道町91 地下1階東入口付近ATMｺｰﾅｰ,8:00,20:00,9:00,20:00,9:00,20:00,0,135.816527,34.990019
225,ゆうちょ銀行　大阪支店　京阪三条駅内出張所,京都府京都市東山区三条大橋東入大橋町128 地下2階地下鉄｢三条京阪駅｣連絡通路横,7:00,23:00,8:00,23:00,8:00,21:00,0,135.778182,34.976388
226,ゆうちょ銀行　大阪支店　ファミリーマート京都祇園店内出張所,京都府京都市東山区四条通大和大路東入祇園町 北側300番地,0:05,23:55,0:05,23:55,0:05,23:55,0,135.769779,34.973545
227,ゆうちょ銀行　大阪支店　ファミリーマート京都女子大学店内出張所,京都府京都市東山区今熊野日吉町35番地,8:00,20:00,8:00,20:00,8:00,20:00,0,135.780159,34.987846
228,ゆうちょ銀行　大阪支店　ファミリーマート京阪五条店内出張所,京都府京都市東山区五条通大橋東入東橋詰町11番地2 ,0:05,23:55,0:05,23:55,0:05,23:55,0,135.766005,34.973666
229,ゆうちょ銀行　大阪支店　ファミリーマート京阪四条駅前店内出張所,京都府京都市東山区四条通大和大路西入中之町213,0:05,23:55,0:05,23:55,0:05,23:55,0,135.769779,34.973545
230,ゆうちょ銀行　大阪支店　京阪三条駅内出張所,京都府京都市東山区三条大橋東入大橋町128 地下2階地下鉄｢三条京阪駅｣連絡通路横,7:00,23:00,8:00,23:00,8:00,21:00,0,135.778182,34.976388
231,ゆうちょ銀行　大阪支店　ファミリーマート京都祇園店内出張所,京都府京都市東山区四条通大和大路東入祇園町 北側300番地,0:05,23:55,0:05,23:55,0:05,23:55,0,135.769779,34.973545
233,ゆうちょ銀行　大阪支店　同志社大学今出川学舎内出張所,京都府京都市上京区新北小路町612 明徳館1階,9:00,19:00,9:00,17:00,-,-,0,135.73881,35.027111
234,ゆうちょ銀行　大阪支店　ファミリーマート烏丸寺ノ内店内出張所,京都府京都市上京区烏丸通寺之内上る相国寺門前町647番地8,0:05,23:55,0:05,23:55,0:05,23:55,0,135.741823,35.026795
235,ゆうちょ銀行　大阪支店　ファミリーマート出町店内出張所,京都府京都市上京区出町通今出川上る青龍町225番地,0:05,23:55,0:05,23:55,0:05,23:55,0,135.73881,35.027111
236,ゆうちょ銀行　大阪支店　ファミリーマート平安女学院前店内出張所,京都府京都市上京区室町通椹木町上る武衛陣町238番1,0:05,23:55,0:05,23:55,0:05,23:55,0,135.73881,35.027111
237,ゆうちょ銀行　大阪支店　ファミリーマート堀川今出川店内出張所,京都府京都市上京区西堀川通元誓願寺上ﾙ竪門前町400番地,0:05,23:55,0:05,23:55,0:05,23:55,0,135.73881,35.027111
238,ゆうちょ銀行　大阪支店　イオンモール京都桂川内出張所,京都府京都市南区久世高田町376−1 1階ATMｺｰﾅｰ,8:00,23:00,8:00,23:00,8:00,21:00,0,135.707915,34.963574
239,ゆうちょ銀行　大阪支店　イオン洛南ショッピングセンター内出張所,京都府京都市南区吉祥院御池町31 1階ATMｺｰﾅｰ,7:00,23:00,7:00,23:00,7:00,21:00,0,135.735824,34.97463
240,ゆうちょ銀行　大阪支店　ファミリーマート烏丸十条店内出張所,京都府京都市南区東九条河辺町1番地1,0:05,23:55,0:05,23:55,0:05,23:55,0,135.777181,35.07068
241,ゆうちょ銀行　大阪支店　ファミリーマート烏丸八条口店内出張所,京都府京都市南区東九条上殿田町41番地1,0:05,23:55,0:05,23:55,0:05,23:55,0,135.777181,35.07068
242,ゆうちょ銀行　大阪支店　ファミリーマート河原町十条店内出張所,京都府京都市南区東九条東札辻町4番地1,0:05,23:55,0:05,23:55,0:05,23:55,0,135.777181,35.07068
243,ゆうちょ銀行　大阪支店　ファミリーマート吉祥院這登中町店内出張所,京都府京都市南区吉祥院這登中町24番地,0:05,23:55,0:05,23:55,0:05,23:55,0,135.729465,34.970995
244,ゆうちょ銀行　大阪支店　ファミリーマート吉祥院東前田店内出張所,京都府京都市南区吉祥院東前田町34番地,0:05,23:55,0:05,23:55,0:05,23:55,0,135.737901,34.969711
245,ゆうちょ銀行　大阪支店　ファミリーマート京都駅八条口西店内出張所,京都府京都市南区西九条池ﾉ内町60番1(地番),0:05,23:55,0:05,23:55,0:05,23:55,0,135.728027,34.982544
246,ゆうちょ銀行　大阪支店　ファミリーマート中久世一丁目店内出張所,京都府京都市南区久世中久世町一丁目104番地2,0:05,23:55,0:05,23:55,0:05,23:55,0,135.71274,34.960919
247,ゆうちょ銀行　大阪支店　ファミリーマート西大路駅前店内出張所,京都府京都市南区唐橋西平垣町1番6 1F,0:05,23:55,0:05,23:55,0:05,23:55,0,135.732376,34.980209
248,ゆうちょ銀行　大阪支店　ファミリーマート上桂山田口店内出張所,京都府京都市西京区山田弦馳町1番地12,0:05,23:55,0:05,23:55,0:05,23:55,0,135.692198,34.990375
